{
  "authorDailyContributionsMap": {
    "Juntong31": [
      {
        "insertions": 21,
        "deletions": 0,
        "date": "2019-09-10",
        "commitResults": [
          {
            "hash": "e0a691e5359dae2c6b5623f225525a20b6e6ca61",
            "messageTitle": "Task Level 1",
            "messageBody": "",
            "insertions": 21,
            "deletions": 0
          }
        ]
      },
      {
        "insertions": 27,
        "deletions": 9,
        "date": "2019-09-14",
        "commitResults": [
          {
            "hash": "4aaed84b575491973bc384c763662d9824b697b9",
            "messageTitle": "Level 2",
            "messageBody": "",
            "insertions": 27,
            "deletions": 9
          }
        ]
      },
      {
        "insertions": 56,
        "deletions": 21,
        "date": "2019-09-21",
        "commitResults": [
          {
            "hash": "ed6cce3a08d5a2d90646cdeda9e6facb7e8a0176",
            "messageTitle": "Level 3",
            "messageBody": "",
            "insertions": 56,
            "deletions": 21
          }
        ]
      },
      {
        "insertions": 152,
        "deletions": 17,
        "date": "2019-10-06",
        "commitResults": [
          {
            "hash": "26b35c20e7643bad2e936589046cafdcd3ff052b",
            "messageTitle": "Level 4",
            "messageBody": "",
            "insertions": 152,
            "deletions": 17
          }
        ]
      },
      {
        "insertions": 25,
        "deletions": 28,
        "date": "2019-10-25",
        "commitResults": [
          {
            "hash": "a3f6ecb1001f38e304ff6e367d65be50c61aa5b0",
            "messageTitle": "Level 5",
            "messageBody": "",
            "insertions": 25,
            "deletions": 28
          }
        ]
      },
      {
        "insertions": 422,
        "deletions": 176,
        "date": "2019-11-16",
        "commitResults": [
          {
            "hash": "2699cc4fe3378e283e8e638995924f9f68b97aeb",
            "messageTitle": "Level 9",
            "messageBody": "",
            "insertions": 422,
            "deletions": 176
          }
        ]
      },
      {
        "insertions": 79,
        "deletions": 67,
        "date": "2019-11-18",
        "commitResults": [
          {
            "hash": "2fd8616fbc31a1bfce4ac8c0fb4860aae3e6d688",
            "messageTitle": "Source Code - Final",
            "messageBody": "",
            "insertions": 79,
            "deletions": 67
          }
        ]
      }
    ]
  },
  "authorFinalContributionMap": {
    "Juntong31": 474
  },
  "authorFileTypeContributionMap": {
    "Juntong31": {
      "java": 466,
      "fxml": 0,
      "sh": 0,
      "bat": 0,
      "gradle": 0,
      "txt": 8
    }
  },
  "authorContributionVariance": {
    "Juntong31": 5096.7026
  },
  "authorDisplayNameMap": {
    "Juntong31": "LIU ..TONG"
  }
}
