{
  "authorDailyContributionsMap": {
    "kuamqunyan": [
      {
        "insertions": 1,
        "deletions": 0,
        "date": "2019-09-26",
        "commitResults": [
          {
            "hash": "860d0763174ec40bce191ab918a83b6a645cbfca",
            "messageTitle": "print line",
            "messageBody": "",
            "insertions": 1,
            "deletions": 0
          }
        ]
      },
      {
        "insertions": 66,
        "deletions": 2,
        "date": "2019-09-29",
        "commitResults": [
          {
            "hash": "6db2e0d509065cc27822d73cb81bb68c94c7c8c3",
            "messageTitle": "level 2 completion",
            "messageBody": "",
            "insertions": 29,
            "deletions": 0
          },
          {
            "hash": "aac725365c9a29bc6173bd1d65e2f3eb3360b434",
            "messageTitle": "Created new task class",
            "messageBody": "",
            "insertions": 30,
            "deletions": 0
          },
          {
            "hash": "ee0262835ba175f10aeaea4c34d55e5504a389f6",
            "messageTitle": "new task",
            "messageBody": "",
            "insertions": 2,
            "deletions": 2
          },
          {
            "hash": "d74f0ffee5bb825dbe5441c0827e120f42b5a10b",
            "messageTitle": "added to task toString function",
            "messageBody": "",
            "insertions": 5,
            "deletions": 0
          }
        ]
      },
      {
        "insertions": 72,
        "deletions": 9,
        "date": "2019-10-01",
        "commitResults": [
          {
            "hash": "5ac686cadee7b53922a505d2f05d15975139ae91",
            "messageTitle": "added status icon",
            "messageBody": "",
            "insertions": 6,
            "deletions": 1
          },
          {
            "hash": "894cad4a9abe0f91bbaf7fff371506bbb9cf7290",
            "messageTitle": "Level 3 completed",
            "messageBody": "",
            "insertions": 13,
            "deletions": 1
          },
          {
            "hash": "d06a5596871d938dac74e0342411e364fc85098e",
            "messageTitle": "added classes and did todo functions",
            "messageBody": "",
            "insertions": 53,
            "deletions": 7
          }
        ]
      },
      {
        "insertions": 37,
        "deletions": 4,
        "date": "2019-10-02",
        "commitResults": [
          {
            "hash": "e8c540574cdfb2ca3667560ed2ca94a3890dec65",
            "messageTitle": "level 4 completed",
            "messageBody": "",
            "insertions": 37,
            "deletions": 4
          }
        ]
      },
      {
        "insertions": 98,
        "deletions": 50,
        "date": "2019-10-10",
        "commitResults": [
          {
            "hash": "08bb49c1683409b8663412964c27594c6cae030d",
            "messageTitle": "Level 5 completed (implemented exceptions)",
            "messageBody": "",
            "insertions": 98,
            "deletions": 50
          }
        ]
      },
      {
        "insertions": 34,
        "deletions": 12,
        "date": "2019-10-20",
        "commitResults": [
          {
            "hash": "b72d9dc5652ced06affda58fe3699e6328cdee7b",
            "messageTitle": "changed to array list",
            "messageBody": "",
            "insertions": 14,
            "deletions": 10
          },
          {
            "hash": "95d102587c60fad730520ac4e2dd77f295590402",
            "messageTitle": "fixed bug for bye in level 5",
            "messageBody": "",
            "insertions": 1,
            "deletions": 1
          },
          {
            "hash": "5a07adb547c41bf33dc92cf6fa8a7c5a1ecd080c",
            "messageTitle": "added delete function",
            "messageBody": "",
            "insertions": 12,
            "deletions": 0
          },
          {
            "hash": "823c3079336a9caabd808115f697ded663478e89",
            "messageTitle": "level 6 completed",
            "messageBody": "",
            "insertions": 7,
            "deletions": 1
          }
        ]
      },
      {
        "insertions": 355,
        "deletions": 138,
        "date": "2019-11-03",
        "commitResults": [
          {
            "hash": "205d8704fcff99252048505ce5fa9208621c68a8",
            "messageTitle": "Level 7 storage, tasklist and UI class implemented",
            "messageBody": "",
            "insertions": 355,
            "deletions": 138
          }
        ]
      },
      {
        "insertions": 240,
        "deletions": 109,
        "date": "2019-11-04",
        "commitResults": [
          {
            "hash": "12c12924fc1834d509e849e57d6ac47fe6376b36",
            "messageTitle": "Level 7 completed",
            "messageBody": "",
            "insertions": 217,
            "deletions": 98
          },
          {
            "hash": "b657a2554dde82991e585e269a25590054b75280",
            "messageTitle": "java packages implemented",
            "messageBody": "",
            "insertions": 23,
            "deletions": 11
          }
        ]
      },
      {
        "insertions": 272,
        "deletions": 20,
        "date": "2019-11-05",
        "commitResults": [
          {
            "hash": "d5a25bc8d7f64c2115a3eda11bcaf12ca22e83c9",
            "messageTitle": "level 8 completed",
            "messageBody": "",
            "insertions": 224,
            "deletions": 16
          },
          {
            "hash": "2a9aa897e7f1cb0e4004e3e75661e7521ce420f9",
            "messageTitle": "Add individual feature (recurring tasks for event)",
            "messageBody": "",
            "insertions": 48,
            "deletions": 4
          }
        ]
      },
      {
        "insertions": 142,
        "deletions": 187,
        "date": "2019-11-06",
        "commitResults": [
          {
            "hash": "5d0c7311b073570e040c785a7ed795e3d83d060e",
            "messageTitle": "Level 9 find function completed",
            "messageBody": "",
            "insertions": 36,
            "deletions": 1
          },
          {
            "hash": "eb113fa0bc2e3d5e0187215a18faacf8ccbbbb1f",
            "messageTitle": "Coding standard implemented",
            "messageBody": "",
            "insertions": 90,
            "deletions": 186
          },
          {
            "hash": "7f945173de1b61b24c00c6dd90c09fe32be2adf8",
            "messageTitle": "JUnit testing implemented",
            "messageBody": "",
            "insertions": 16,
            "deletions": 0
          }
        ]
      },
      {
        "insertions": 84,
        "deletions": 37,
        "date": "2019-11-14",
        "commitResults": [
          {
            "hash": "6b5f0cfb619c58e7be80c43d63dcf98bfd596ce4",
            "messageTitle": "Assertion completed for Deadline, event and tasks",
            "messageBody": "",
            "insertions": 9,
            "deletions": 2
          },
          {
            "hash": "a3c19ba025f089bb1cffdbb1b4423f8d21bf3175",
            "messageTitle": "Add recursive function for deadline tasks",
            "messageBody": "",
            "insertions": 44,
            "deletions": 9
          },
          {
            "hash": "2c973c5dfd0814d7dc9d3acf2b0d6519bd992d62",
            "messageTitle": "added time for deadline and event tasks",
            "messageBody": "",
            "insertions": 31,
            "deletions": 26
          }
        ]
      },
      {
        "insertions": 296,
        "deletions": 39,
        "date": "2019-11-17",
        "commitResults": [
          {
            "hash": "1375c9578f8a5c7e74555c49f93cf9f005e11a73",
            "messageTitle": "added more java docs and refined the code",
            "messageBody": "",
            "insertions": 296,
            "deletions": 39
          }
        ]
      }
    ]
  },
  "authorFinalContributionMap": {
    "kuamqunyan": 1096
  },
  "authorFileTypeContributionMap": {
    "kuamqunyan": {
      "java": 1096,
      "fxml": 0,
      "sh": 0,
      "bat": 0,
      "gradle": 0,
      "txt": 0
    }
  },
  "authorContributionVariance": {
    "kuamqunyan": 8385.271
  },
  "authorDisplayNameMap": {
    "kuamqunyan": "KUAM.. YAN"
  }
}
